94ae5c1b-a61d-4f27-ae1e-8cacc3b6d83c;"0";"Брызги кислоты [Acid splash]";"Трюк, вызов";"1 действие";"60 футов";"В, С";"Мгновенная";"Вы кидаете кислотный шарик. Выберите одно существо, которое вы видите в пределах дистанции, или два существа, которых вы видите в пределах дистанции, находящихся в пределах 5 футов друг от друга. Цель должна преуспеть в спасброске Ловкости, иначе получит 1к6 урона кислотой.<br>
Урон этого заклинания увеличивается на 1к6, когда вы достигаете 5 уровня (2к6), 11 уровня (3к6) и 17 уровня (4к6).<br>";"изобретатель"
b0d4c980-2b55-4f34-b612-e061a217334e;"4";"Верный пёс Морденкайнена [Mordenkainen’s faithful hound]";"4 круг, вызов";"1 действие";"30 футов";"В, С, М";"8 часов";"(крошечный серебряный свисток, кусочек кости и нитка)Вы создаёте призрачного сторожевого пса в свободном пространстве, видимом в пределах дистанции, где он и остаётся на время длительности заклинания, пока вы не отпустите его действием, или пока вы не отойдете от него более чем на 100 футов.<br>
Пёс невидим для всех существо кроме вас, и ему нельзя причинить вред. Если в пределах 30 футов от него оказывается существо с размером Маленькое или больше, не произнося при этом пароль, указанный вами при накладывании этого заклинания, пёс начинает громко лаять. Пёс видит невидимых существ и его зрение простирается на Эфирный План. Он игнорирует иллюзии.<br>
В начале каждого вашего хода пёс пытается укусить одно существо в пределах 5 футов от себя, враждебное вам. Бонус атаки пса равен вашему модификатору базовой характеристики + ваш бонус мастерства. При попадании он причиняет колющий урон 4к8.<br>";"изобретатель"
e89e0322-852f-4ea9-93a2-e4341c2d943c;"2";"Вечный огонь [Continual flame]";"2 круг, воплощение";"1 действие";"Касание";"В, С, М";"Пока не рассеется";"(порошок рубина на 50 зм, расходуемый заклинанием)Из предмета, которого вы касаетесь, исходит пламя, эквивалентное по яркости пламени факела. Эффект выглядит как обычное пламя, но не создает тепла и не использует кислород. Вечный огонь можно накрыть или спрятать, но не потушить.<br>";"изобретатель"
3389c3f1-f7b7-4587-bd16-1cd2f5a8e07b;"2";"Видение невидимого [See invisibility]";"2 круг, прорицание";"1 действие";"На себя";"В, С, М";"1 час";"(щепотка талька и толченого серебра)Пока заклинание активно, вы видите невидимых существ и предметы, как если бы они были видимы, и ваше зрение простирается на Эфирный План. Эфирные существа и предметы выглядят призрачными и полупрозрачными.<br>";"изобретатель"
c16aec29-c6e4-46dc-a0af-700092e70401;"2";"Вихрь искривления [Vortex Warp]";"2 круг, вызов";"1 действие";"90 футов";"В, С";"Мгновенная";"Вы магическим образом сворачиваете пространство вокруг другого существа, которое видите в пределах дистанции. Цель должна преуспеть в спасброске Телосложения (цель может добровольно провалить), иначе будет телепортирована в незанятое пространство по вашему выбору, которое вы можете видеть в пределах дистанции заклинания.<br>
Выбранное пространство должно находиться на поверхности или в жидкости, в котором цель может находиться без необходимости протискиваться.<br>
<b>На больших уровнях.</b> Если вы накладываете это заклинание, используя ячейку 3-го уровня или выше, дистанция заклинания увеличивается на 30 футов, за каждый уровень ячейки выше второго.<br>";"изобретатель"
c3f50cf3-d735-4488-8fdc-c894750ef942;"3";"Возрождение  [Revivify]";"3 круг, некромантия";"1 действие";"Касание";"В, С, М";"Мгновенная";"(бриллианты, стоящие в сумме 300 зм, расходуемые заклинанием)Вы касаетесь существа, мёртвого не больше минуты. Это существо возвращается к жизни с 1 хитом. Это заклинание не может оживить существ, умерших от старости, а также не восстанавливает отсутствующие части тел.<br>";"изобретатель"
c6b1576a-501c-479e-a3aa-ef583d5c3b10;"0";"Волшебная рука [Mage hand]";"Трюк, вызов";"1 действие";"30 футов";"В, С";"1 минута";"В точке, выбранной вами в пределах дистанции, появляется призрачная парящая рука. Рука существует, пока заклинание активно, или пока вы не отпустите её действием. Рука исчезает, если окажется более чем в 30 футах от вас, или если вы повторно используете это заклинание.<br>
Вы можете действием контролировать руку. Вы можете с её помощью манипулировать предметами, открывать незапертые двери и контейнеры, убирать предметы в открытые контейнеры и доставать их оттуда, или выливать содержимое флаконов. При каждом использовании руки вы можете переместить её на 30 футов.<br>
Рука не может совершать атаки, активировать магические предметы и переносить более 10 фунтов.<br>";"изобретатель"
a8293c53-baa7-42b7-ac09-c74daf5fe654;"2";"Волшебные уста [Magic mouth]";"2 круг, иллюзия (ритуал)";"1 минута";"30 футов";"В, С, М";"Пока не рассеется";"(кусочек медовых сот и порошок нефрита, стоящий как минимум 10 зм, расходуемые заклинанием)Вы внедряете в предмет, находящийся в пределах дистанции, послание, которое будет произнесено, когда будут выполнены условия. Выберите видимый предмет, который не несет и не носит другое существо. Произнесите послание, которое может состоять не более чем из 25 слов, хотя его можно произносить в течение 10 минут. Затем определите условие, выполнение которого заставит заклинание передать ваше послание.<br>
Когда условие будет выполнено, на предмете появляется магический рот, зачитывающий послание вашим голосом с той же самой громкостью. Если у выбранного вами предмета есть рот или что-то похожее на рот (например, рот статуи), магический рот появляется на его месте, и кажется, что слова исходят оттуда. При накладывании заклинания вы можете сделать так, что заклинание окончится, передав сообщение, или же останется активным и будет повторять сообщение при каждом срабатывании условия.<br>
Вызывающее срабатывание условие может быть как общим, так и детализированным, но должно основываться на зрительных или слышимых условиях, происходящих в пределах 30 футов от предмета. Например, вы можете заставить рот говорить, когда в пределах 30 футов от него пройдет существо, или когда в пределах 30 футов от него зазвенит серебряный колокольчик.<br>";"изобретатель"
a3655ea9-05ef-495b-a4f6-d94de77781ab;"2";"Волшебный замок [Arcane lock]";"2 круг, ограждение";"1 действие";"Касание";"В, С, М";"Пока не рассеется";"(золотая пыль, стоящая как минимум 25 зм, расходуемая заклинанием)Вы касаетесь закрытой двери, окна, ворот, сундука или другого входа, и он становится запертым. Вы и указанные при накладывании этого заклинания существа можете открывать предмет как обычно. Вы можете также установить пароль, произношение которого в пределах 5 футов от предмета подавляет заклинание на 1 минуту. В противном случае предмет не открывается, пока его не сломают, или пока заклинание не рассеют или не подавят. Накладывание открывания [knock] на предмет подавляет волшебный замок на 10 минут.<br>
Находящийся под действием этого заклинания предмет гораздо сложнее взломать и открыть силой";"изобретатель"
d4f2a506-3297-479e-8f46-c72dcf06c215;"0";"Волшебный камень [Magic stone]";"Трюк, преобразование";"1 бонусное действие";"Касание";"В, С";"1 минута";"Вы касаетесь от 1 до 3 камней и наделяете их магической силой. Вы или кто-либо ещё можете совершить дальнобойную атаку заклинанием, кинув один из этих камней или запустив его при помощи пращи. Дальность броска рукой составляет 60 футов. Если кто-либо другой атакует этим камнем, он использует для броска атаки ваш модификатор базовой характеристики вместо своего. При попадании цель получает 1к6 + ваш модификатор базовой характеристики дробящего урона. Вне зависимости от того, попал камень или нет, это заклинание перестаёт на него действовать.<br>
Если вы накладываете это заклинание ещё раз, его эффект преждевременно заканчивается на тех камнях, что были зачарованы прежде.<br>";"изобретатель(XGE)"
a351ce8d-2d4e-4cf9-bf1e-0a8ea1a0d1a4;"0";"Вспышка мечей [Sword burst]";"Трюк, вызов";"1 действие";"На себя (5-футов радиус)";"В";"Мгновенная";"Вы на мгновение создаёте круг из вращающихся вокруг вас призрачных лезвий. Все остальные существа в пределах 5 футов от вас должны преуспеть в спасброске Ловкости, иначе получат 1к6 урона силовым полем.<br>
Урон этого заклинания увеличивается на 1к6, когда вы достигаете 5-го уровня (2к6), 11-го уровня (3к6) и 17-го уровня (4к6).<br>";"изобретатель(TCE)(SCAG)"
3b051a08-eac0-4bbb-8a1e-5a796659cbce;"5";"Высшее восстановление [Greater restoration]";"5 круг, ограждение";"1 действие";"Касание";"В, С, М";"Мгновенная";"(бриллиантовая пыль, стоящая как минимум 100 зм, расходуемая заклинанием)Вы наделяете существо, которого касаетесь, позитивной энергией, отменяющей ослабляющие эффекты. Вы можете уменьшить уровень истощения цели на 1, или окончить на ней один из следующих эффектов:<br>

Один эффект, делающий цель очарованной или окаменевшей<br>
Одно проклятье, включая настройку на проклятый магический предмет<br>
Любое уменьшение одной из характеристик цели<br>
Один эффект, уменьшающий максимум хитов цели<br>
";"изобретатель"
46f604e5-7651-4191-8e45-b86b62a07890;"0";"Громовой клинок [Booming blade]";"Трюк, воплощение";"1 действие";"На себя (5-футов радиус)";"С, М";"1 раунд";"(оружие ближнего боя стоимостью не менее 1 см)Вы взмахиваете оружием, выбранным в качестве материального компонента, и совершаете рукопашную атаку оружием против одного существа в пределах 5 футов от вас. При попадании цель подвергается обычному эффекту от атаки этим оружием и покрывается бушующей энергией до начала вашего следующего хода. Если цель добровольно перемещается на 5 футов или более до окончания действия заклинания, она получает 1к8 урона звуком, и действие заклинания заканчивается.<br>
Урон этого заклинания увеличивается, когда вы достигаете определённых уровней. На 5-м уровне рукопашная атака наносит дополнительно 1к8 урона звуком при попадании, а урон, получаемый при перемещении, увеличивается до 2к8. Оба броска урона снова увеличиваются на 1к8 на 11-м уровне (2к8 и 3к8) и на 17-м уровне (3к8 и 4к8).<br>";"изобретатель(TCE)(SCAG)"
6aeec8ae-4faf-4a9c-9dfe-8fff4211fd80;"5";"Длань Бигби [Bigby’s hand]";"5 круг, воплощение";"1 действие";"120 футов";"В, С, М";"Концентрация, вплоть до 1 минуты";"(яичная скорлупа и перчатка из змеиной кожи)Вы создаёте мерцающую руку Большого размера из полупрозрачного силового поля в свободном пространстве, которое видите в пределах дистанции. Рука существует, пока активно заклинание, и она перемещается по вашей команде, подражая движениям вашей собственной руки. Эта рука является предметом, у которого КД 20, а количество хитов равно максимуму ваших хитов. Когда хиты руки опускаются до 0, заклинание оканчивается. У руки Сила 26 (+8), а Ловкость 10 (+0). Рука не заполняет своё пространство.<br>
Когда вы накладываете это заклинание, а также в последующие ходы, но уже бонусным действием, вы можете перемещать руку на 60 футов и создавать ей один из следующих эффектов:<br>
<b>Могучая длань</b>. Рука пытается толкнуть существо, находящееся в пределах 5 футов от неё, в выбранном вами направлении. Совершите проверку Силы руки, противопоставленную проверке Силы (Атлетика) цели. Если цель Среднего размера или меньше, вы совершаете проверку с преимуществом. В случае успеха рука толкает цель на 5 футов плюс количество футов, равное модификатору базовой характеристики, умноженному на 5. Рука перемещается вместе с целью, оставаясь в пределах 5 футов от неё.<br>
<b>Преграждающая длань</b>. Рука встаёт между вами и выбранным вами существом, пока вы не отдадите руке другую команду. Рука перемещается так, что находится между вами и целью, предоставляя вам от цели укрытие на половину. Цель не может пройти сквозь пространство руки, если её значение Силы не больше значения Силы руки. Если значение Силы у цели больше, чем у руки, она может подойти к вам сквозь руку, но пространство руки для цели считается труднопроходимой местностью.<br>
<b>Сжатый кулак</b>. Рука ударяет одно существо или предмет в пределах 5 футов от себя. Совершите рукопашную атаку заклинанием за руку, используя свои параметры. При попадании цель получает урон силовым полем 4к8.<br>
<b>Сжимающая длань</b>. Рука пытается схватить существо с размером Огромное или меньше, находящееся в пределах 5 футов от неё. При проверке захвата вы используете значение Силы руки. Если размер цели Средний или меньше, вы совершаете проверку с преимуществом. Пока рука держит цель в захвате, вы можете бонусным действием сдавливать её рукой. Цель при этом получает дробящий урон 2к6 + модификатор вашей базовой характеристики.<br>
<b>На больших уровнях.</b> Если вы накладываете это заклинание, используя ячейку 6 уровня или выше, за каждый уровень ячейки выше пятого урон от сжатого кулака увеличивается на 2к8, а урон от сжимающей длани увеличивается на 2к6.<br>";"изобретатель"
089b932b-b4ef-4468-a88a-1179d7b9f02c;"3";"Дрёма [Catnap]";"3 круг, очарование";"1 действие";"30 футов";"С, М";"10 минут";"(щепотка песка)Вы делаете успокаивающий жест, и до трёх согласных существ по вашему выбору, которых вы можете видеть в пределах дистанции, падают без сознания на время действия заклинания. Заклинание оканчивается на цели раньше, если она получает урон или если кто-то действием потрясёт её или даст пощёчину. Если цель остается без сознания в течение всего времени действия заклинания, она получает все преимущества короткого отдыха и не может быть подвержена этому заклинанию снова, пока не закончит продолжительный отдых.<br>
<b>На больших уровнях.</b> Если вы накладываете это заклинание, используя ячейку 4-го уровня или выше, вы можете сделать целью дополнительно ещё одно существо за каждый уровень ячейки выше 3-го.<br>";"изобретатель(XGE)"
06bcfc58-7f68-460d-b932-ab096f45ba16;"1";"Едкое варево Таши [Tasha’s Caustic Brew]";"1 круг, воплощение";"1 действие";"На себя (30-футовая линия)";"В, С, М";"Концентрация, вплоть до 1 минуты";"(немного тухлой пищи)Вы испускаете струю кислоты вдоль линии длиной 30 футов и шириной 5 футов в выбранном вами направлении. Каждое существо, находящееся на этой линии должно преуспеть в спасброске Ловкости, иначе станет покрыто кислотой на время действия заклинания или до тех пор, пока кто-то действием не соскребёт или смоет кислоту с себя или другого существа. Существо, покрытое кислотой, получает 2к4 урона кислотой в начале каждого своего хода.<br>
<b>На больших уровнях.</b> Когда вы накладываете это заклинание, используя ячейку 2-го уровня или выше, урон увеличивается на 2к4 за каждый уровень ячейки выше первого.<br>";"изобретатель(TCE)"
57250785-2886-4692-a41f-bb885962c7b3;"3";"Защита от энергии [Protection from energy]";"3 круг, ограждение";"1 действие";"Касание";"В, С";"Концентрация, вплоть до 1 часа";"Пока заклинание активно, согласное существо, которого вы коснулись, получает сопротивление одному виду урона на ваш выбор: звук, кислота, огонь, холод или электричество.<br>";"изобретатель"
93c6bee9-3c28-4d50-9825-11e2afe4b43a;"2";"Защита от яда [Protection from poison]";"2 круг, ограждение";"1 действие";"Касание";"В, С";"1 час";"Вы касаетесь существа. Если оно отравлено, вы нейтрализуете яд. Если на цель действуют несколько ядов, вы нейтрализуете тот, о котором знаете, либо же один случайным образом выбранный яд.<br>
Пока заклинание активно, цель совершает с преимуществом спасброски от отравленного состояния и получает сопротивление урону ядом.<br>";"изобретатель"
62cfc98e-fdf5-4656-af85-378b93f9bfc1;"4";"Изготовление [Fabricate]";"4 круг, преобразование";"10 минут";"120 футов";"В, С";"Мгновенная";"Вы превращаете сырье в готовое изделие из этого материала. Например, вы можете создать деревянный мост из нескольких деревьев, веревку из груды пеньки, или одежду изо льна или шерсти.<br>
Выберите сырье, которое видите в пределах дистанции. Вы можете создать предмет Большого или меньшего размера (помещающийся в куб с длиной ребра 10 футов, или восемь соединенных кубов с длиной ребра 5 футов), при условии, что сырья хватит. Если вы работаете с металлом, камнем или другой минеральной материей, создаваемый предмет не может быть больше Среднего размера (должен помещаться в один куб с длиной ребра 5 футов). Качество предметов, изготавливаемых этим заклинанием, напрямую зависит от качества сырья.<br>
Этим заклинанием нельзя создавать и изменять существ и магические предметы. Вы также не можете создавать с его помощью предметы, обычно требующие высокого мастерства, такие как ювелирные изделия, оружие, стекло или доспех, если только вы не владеете ремесленным инструментом, необходимым для создания таких предметов.<br>";"изобретатель"
23a2ed04-eeb4-4211-adf8-45bd59b5462a;"4";"Изменение формы камня [Stone shape]";"4 круг, преобразование";"1 действие";"Касание";"В, С, М";"Мгновенная";"(мягкая глина, из которой делается грубая копия желаемого каменного предмета)Вы касаетесь каменного предмета с размером не больше Среднего, или камня, не превышающего ни по одному из измерений более 5 футов, и придаете ему любую форму. Так, например, вы можете превратить большой камень в оружие, статую или гроб, или создать небольшой проход в стене, если эта стена толщиной меньше 5 футов. Вы можете также скорректировать каменную дверь или её обрамление, чтобы запереть наглухо. У создаваемого вами предмета могут быть две дверные петли и щеколда, но более мелкие механические детали невозможны.<br>";"изобретатель"
0302356d-7dc7-40d5-8328-ba59eef65509;"4";"Кабинет Морденкайнена [Mordenkainen’s private sanctum]";"4 круг, ограждение";"10 минут";"120 футов";"В, С, М";"24 часа";"(тонкий свинцовый лист, кусок матового стекла, шарик из ваты или ткани и толченый хризолит)Вы создаете в пределах дистанции защищенное магией место. Это куб с длиной ребра от 5 до 100 футов. Заклинание длится, пока не окончится, или вы не окончите его действием.<br>
Когда вы накладываете это заклинание, вы решаете, какую именно безопасность обеспечивает заклинание, выбирая все или некоторые из следующих свойств:<br>

Звуки не проходят сквозь границу защищенного пространства. <br>
Граница защищенного пространства выглядит темной и затуманенной, блокируя обзор (в том числе и темное зрение) сквозь неё. <br>
Сенсоры, создаваемые заклинаниями школы Прорицания, не могут появляться в защищенной области и проходить сквозь её периметр. <br>
Существа в области не могут становиться целями заклинаний школы Прорицания. <br>
Ничто не может телепортироваться в охраняемую область или из неё. <br>
В охраняемой области блокируются планарные перемещения.<br>

Накладывание этого заклинания на одно и то же место в течение года делает этот эффект постоянным.<br>
<b>На больших уровнях.</b> Если вы накладываете это заклинание, используя ячейку 5 уровня или выше, вы можете увеличить размер куба на 100 футов за каждый уровень ячейки выше 4. Таким образом, это заклинание, использованное ячейкой 5 уровня, может создать куб с длиной ребра 200 футов.<br>";"изобретатель"
554fc39b-4684-4a36-9c65-1c2b5eb86de7;"4";"Каменная кожа [Stoneskin]";"4 круг, ограждение";"1 действие";"Касание";"В, С, М";"Концентрация, вплоть до 1 часа";"(пыль бриллианта, стоящего 100 зм, расходуемая заклинанием)Это заклинание делает плоть согласного существа, которого вы коснулись, твердой как камень. Пока заклинание активно, цель получает сопротивление немагическому дробящему, колющему и рубящему урону.<br>";"изобретатель"
3bf51b3e-a28c-4e26-b8db-39b11ae1e6db;"5";"Каменная стена [Wall of stone]";"5 круг, воплощение";"1 действие";"120 футов";"В, С, М";"Концентрация, вплоть до 10 минут";"(небольшой кусочек гранита)В точке, выбранной вами в пределах дистанции, появляется немагическая стена из камня. Стена толщиной 6 дюймов (15 сантиметров) и составлена из десяти плит 10 × 10 футов. Каждая плита должна соседствовать как минимум с одной другой плитой. В качестве альтернативы, вы можете создать плиты 10 × 20 футов, но толщиной только 3 дюйма (7,5 сантиметров). Если стена при появлении проходит по пространству существа, это существо выталкивается по одну из сторон стены (на ваш выбор). Если существо со всех сторон окружается стеной (или стеной и другой сплошной поверхностью), это существо может совершить спасбросок Ловкости. При успехе оно может реакцией переместиться на расстояние, равное своей скорости, чтобы не быть окружённым стеной. Стена может иметь любую форму, хотя и не может занимать одно пространство с существами и предметами. Стена не обязана быть вертикальной, и не обязана целиком покоиться на твёрдом основании. Однако, она должна сливаться с существующим камнем, опираясь на него.<br>
Таким образом, вы можете создать этим заклинанием мост через пропасть или наклонный спуск. Если вы создаёте пролёт длиной больше 20 футов, вы должны уменьшить вдвое размер каждой плиты, чтобы создать поддержку. Вы можете придавать стене грубую форму, создавая бойницы, зубцы, и так далее. Стена является предметом, изготовленным из камня, которому можно причинить урон и, тем самым, пробить. У каждой плиты КД 15 и по 30 хитов за каждый 1 дюйм (2,5 сантиметра) толщины. Уменьшение хитов плиты до 0 уничтожает её, и по решению Мастера, может вызвать обвал смежных плит. Если вы поддерживаете концентрацию на этом заклинании в течение всей длительности, стена становится постоянной, и с этого момента её уже нельзя будет рассеять. В противном случае стена исчезает, когда заклинание будет окончено.<br>";"изобретатель"
2043c7bb-dba5-4c72-a753-6d3bcc32c6a9;"1";"Катапульта [Catapult]";"1 круг, преобразование";"1 действие";"60 футов";"С";"Мгновенная";"Выберите один предмет весом от 1 до 5 фунтов в пределах дистанции, который никто не несёт и не носит. Предмет пролетает до 90 футов по прямой в выбранном вами направлении, прежде чем упасть на землю, и останавливается раньше, если ударится о твёрдую поверхность. Если предмет ударяется о существо, оно должно совершить спасбросок Ловкости. При провале предмет наносит урон цели и останавливается. Когда предмет ударяется обо что-то, и предмет, и то, во что он ударился, получают 3к8 дробящего урона.<br>
<b>На больших уровнях.</b> Если вы накладываете это заклинание, используя ячейку 2 уровня или выше, максимальный вес предметов, которые вы можете использовать, увеличивается на 5 фунтов, а урон увеличивается на 1к8 за каждый уровень ячейки выше 1.<br>";"изобретатель(XGE)"
cdbd4b34-ea2e-4d9c-9d71-a0478cdd927f;"0";"Клинок зелёного пламени [Green-flame blade]";"Трюк, воплощение";"1 действие";"На себя (5-футов радиус)";"С, М";"Мгновенная";"(оружие ближнего боя стоимостью не менее 1 см)Вы взмахиваете оружием, выбранным в качестве материального компонента, и совершаете рукопашную атаку оружием против одного существа в пределах 5 футов от вас. При попадании цель подвергается обычному эффекту атаки этим оружием, и вы можете заставить зелёный огонь перекинуться от цели к другому существу по вашему выбору, которое вы можете видеть в пределах 5 футов от цели. Второе существо получает урон огнём, равный вашему модификатору базовой характеристики.<br>
Урон этого заклинания увеличивается, когда вы достигаете определенных уровней. На 5-м уровне рукопашная атака наносит дополнительно 1к8 урона огнём, а урон, получаемый вторым существом, увеличивается до 1к8 + ваш модификатор базовой характеристики. Оба этих урона увеличиваются на 1к8 на 11-м уровне (2к8 и 2к8) и 17-м уровне (3к8 и 3к8).<br>";"изобретатель(TCE)(SCAG)"
079581c3-49b7-457b-afcf-38014561119d;"3";"Крепость интеллекта [Intellect Fortress]";"3 круг, ограждение";"1 действие";"30 футов";"В";"Концентрация, вплоть до 1 часа";"В течение длительности заклинания вы или одно согласное существо, которое вы можете видеть в пределах дистанции, имеете сопротивление урону психической энергией, а также совершаете с преимуществом спасброски Интеллекта, Мудрости и Харизмы.<br>
<b>На больших уровнях.</b> Когда вы накладываете это заклинание, используя ячейку 4-го уровня или выше, вы можете сделать целью заклинания дополнительных существ, по одному за каждый уровень ячейки выше третьего. Все цели заклинания должны быть в пределах 30 футов друг от друга, вовремя накладывания заклинания.<br>";"изобретатель(TCE)"
b51b5996-3711-424d-a8ff-b73412006692;"3";"Крошечный слуга [Tiny servant]";"3 круг, преобразование";"1 минута";"Касание";"В, С";"8 часов";"Вы прикасаетесь к одному Крошечному немагическому объекту, который не прикреплен к другому объекту или поверхности и не переносится другим существом.<br>
Цель оживает и отращивает маленькие руки и ноги, превращаясь в существо, которое находится под вашим контролем, пока заклинание не закончится или пока хиты существа не упадут до 0. Его характеристики приведены в блоке статистики ниже.<br>
Бонусным действием вы можете мысленно давать существу команды, если оно находится в пределах 120 футов от вас. (Если вы управляете несколькими существами с помощью этого заклинания, вы можете одновременно командовать любым из них или сразу всеми, давая одну и ту же команду каждому из существ). Вы определяете, какое действие совершит существо и как оно будет двигаться в течение следующего хода, или вы можете дать простую общую команду, например, достать ключ, стоять и наблюдать или собрать несколько книг. Если вы не даёте никаких команд, слуга не делает ничего, кроме защиты себя от враждебных существ. После получения приказа слуга продолжает следовать ему, пока его задача не будет завершена.<br>
Когда хиты существа опускаются до 0, оно возвращается к своей изначальной форме, весь оставшийся урон переносится на эту форму.<br>
<b>На больших уровнях.</b> Если вы накладываете это заклинание, используя ячейку 4 уровня или выше, вы можете оживить два дополнительных объекта за каждый уровень ячейки выше 3.<br>
<b>Бестиарий:</b>Крошечный слуга<br>";"изобретатель(XGE)"
f1547686-a254-4067-bd53-fd96a81dbc8c;"0";"Лассо молнии [Lightning lure]";"Трюк, воплощение";"1 действие";"На себя (15-футовый радиус)";"В";"Мгновенная";"Вы создаёте хлыст из молний, поражающий одно существо по вашему выбору, которое вы можете видеть в пределах 15 футов от вас. Цель должна преуспеть в спасброске Силы, иначе будет притянута на 10 футов по прямой к вам, после чего получит 1к8 урона электричеством, если окажется в пределах 5 футов от вас.<br>
Урон этого заклинания увеличивается на 1к8, когда вы достигаете 5-го уровня (2к8), 11-го уровня (3к8) и 17-го уровня (4к8).<br>";"изобретатель(TCE)(SCAG)"
1423dbd7-42b1-4418-a511-b721dc1752c1;"2";"Левитация [Levitate]";"2 круг, преобразование";"1 действие";"60 футов";"В, С, М";"Концентрация, вплоть до 10 минут";"(либо маленькая кожаная петля, либо кусочек золотой проволоки, согнутый в форме кубка с длинной ножкой)Одно выбранное вами существо или незакреплённый предмет, видимые в пределах дистанции, поднимается вертикально на расстояние до 20 футов, и остается висеть там на время действия заклинания. Заклинание может заставить левитировать цель, весящую до 500 фунтов. Несогласное существо, преуспевшее в спасброске Телосложения, не попадает под действие этого заклинания.<br>
Цель может перемещаться только отталкиваясь от твердых предметов и поверхностей (таких как стены и потолок), а также подтягиваясь за них, что позволяет перемещаться так, как если бы они лазали. В свой ход вы можете изменить высоту цели на 20 футов в любом направлении. Если целью являетесь вы сами, вы можете частью перемещения двигаться вверх или вниз. В противном случае, вы можете действием переместить цель, которая должна оставаться при этом в пределах досягаемости заклинания.<br>
Когда заклинание оканчивается, если цель все ещё находится в воздухе, она плавно опускается на землю.<br>";"изобретатель"
fdaeb703-90d2-4fff-a6fb-4747c61e09e3;"4";"Леомундов потайной сундук [Leomund’s secret chest]";"4 круг, вызов";"1 действие";"Касание";"В, С, М";"Мгновенная";"(изысканный сундук 3×2×2 фута)Вы прячете сундук вместе со всем его содержимым на Эфирном Плане. Вы должны касаться и сундука, и его миниатюрной копии, служащей материальным компонентом для заклинания. Сундук может содержать до 12 кубических футов неживой материи (3×2×2 фута).<br>
Пока сундук остается на Эфирном Плане, вы можете действием прикоснуться к копии, чтобы вернуть сундук. Он появляется в свободном пространстве на полу в пределах 5 футов от вас. Вы можете отослать сундук обратно на Эфирный План, прикоснувшись действием к сундуку и его копии.<br>
Спустя 60 дней появляется накопительный шанс 5 процентов в день, что эффект заклинания окончится. Эффект оканчивается, если вы активируете это заклинание ещё раз, если копия сундука будет уничтожена, или если вы окончите это заклинание действием. Если заклинание оканчивается, а сундук находится на Эфирном Плане, он безвозвратно теряется.<br>";"изобретатель"
2a2826f5-269c-4f9a-92bb-806900593d8e;"1";"Лечение ран [Cure wounds]";"1 круг, воплощение";"1 действие";"Касание";"В, С";"Мгновенная";"Существо, которого вы касаетесь, восстанавливает количество хитов, равное 1к8 + ваш модификатор базовой характеристики. Это заклинание не оказывает никакого эффекта на нежить и конструктов.<br>
<b>На больших уровнях.</b> Если вы накладываете это заклинание, используя ячейку 2 уровня или выше, лечение увеличивается на 1к8 за каждый уровень ячейки выше первого.<br>";"изобретатель"
caab8700-3e1a-4523-b955-1df914aa8edc;"0";"Луч холода [Ray of frost]";"Трюк, воплощение";"1 действие";"60 футов";"В, С";"Мгновенная";"Холодный сине-белый луч устремляется к существу, находящемуся в пределах дистанции. Совершите по цели дальнобойную атаку заклинанием. При попадании она получает урон холодом 1к8, а скорость до начала вашего следующего хода уменьшается на 10 футов.<br>
Урон от заклинания увеличивается на 1к8, когда вы достигаете 5 уровня (2к8), 11 уровня (3к8) и 17 уровня (4к8).<br>";"изобретатель"
d6ccca6a-1922-4cde-b000-659478424aa2;"4";"Магический глаз [Arcane eye]";"4 круг, прорицание";"1 действие";"30 футов";"В, С, М";"Концентрация, вплоть до 1 часа";"(мех летучей мыши)Вы создаете невидимый магический глаз в пределах дистанции, который парит в воздухе на время длительности.<br>
Вы мысленно воспринимаете зрительную информацию с глаза, у которого обычное зрение и темное зрение в пределах 30 футов. Глаз смотрит во всех направлениях.<br>
Вы можете действием переместить глаз на 30 футов в любом направлении. Глаз может удаляться от вас на любое расстояние, но не может уходить на другие планы существования. Сплошные препятствия блокируют движение глаза, но он может проходить через отверстия диаметром в 1 дюйм (2,5 сантиметра).<br>";"изобретатель"
4e2cfa6f-e465-4696-9c19-2ff03fe33ccb;"2";"Магическое оружие [Magic weapon]";"2 круг, преобразование";"1 бонусное действие";"Касание";"В, С";"Концентрация, вплоть до 1 часа";"Вы касаетесь немагического оружия. Пока заклинание активно, это оружие становится магическим оружием с бонусом +1 к броскам атаки и урона.<br>
<b>На больших уровнях.</b> Если вы накладываете это заклинание, используя ячейку 4 уровня или выше, бонус увеличивается до +2. Если вы используете ячейку заклинания 6 уровня или выше, бонус увеличивается до +3.<br>";"изобретатель"
bb7d10c6-ead3-42cd-802c-243a85a749a3;"2";"Малое восстановление [Lesser restoration]";"2 круг, ограждение";"1 действие";"Касание";"В, С";"Мгновенная";"Вы касаетесь существа и можете окончить одну болезнь или одно состояние, в котором оно находится. Этим состоянием может быть глухота, отравление, паралич или слепота.<br>";"изобретатель"
20e2f780-521a-463e-a47d-4e40e87c00bd;"1";"Маскировка [Disguise self]";"1 круг, иллюзия";"1 действие";"На себя";"В, С";"1 час";"Вы заставляете себя — включая одежду, доспехи, оружие и прочее имущество — выглядеть иначе, пока заклинание не окончится, или пока вы не окончите его преждевременно, действием. Вы можете выглядеть на 1 фут (30 сантиметров) выше или ниже, а также стать худым, толстым или получить среднее телосложение. Вы не можете менять основу тела, поэтому у новой формы должен быть такой же набор конечностей. Во всем остальном характер иллюзии определяете вы.<br>
Изменения, вызванные этим заклинанием, не выдерживают проверку физическим исследованием. Например, если вы добавили к своему снаряжению шляпу, предметы будут проходить сквозь нее, и все, кто к ней прикоснутся, либо ничего не почувствуют, либо почувствуют вашу голову и волосы. Если вы становитесь худее, то рука того, кто к вам тянется, наткнется на вас на полпути, ещё в воздухе.<br>
Для обнаружения того, что вы замаскированы, существо должно действием обследовать вашу внешность и преуспеть в проверке Интеллекта (Расследование) против вашей Сл заклинаний.<br>";"изобретатель"
97ed59c8-d783-4e04-ae5e-be4b21873a0a;"3";"Мерцание [Blink]";"3 круг, преобразование";"1 действие";"На себя";"В, С";"1 минута";"Пока заклинание активно, бросайте к20 в конце каждого своего хода. Если выпадет «11» или выше, вы исчезаете на текущем плане существования и появляетесь на Эфирном Плане (заклинание проваливается, если вы уже находитесь на этом плане). В начале своего следующего хода, а также если заклинание окончится, когда вы будете на Эфирном Плане, вы возвращаетесь в свободное пространство на свой выбор, которое вы видите в пределах 10 футов от места, из которого вы исчезли. Если в пределах дистанции нет свободного пространства, вы появляетесь в ближайшем свободном пространстве (выбранном случайным образом, если есть несколько подходящих мест). Вы можете остановить заклинание действием.<br>
Находясь на Эфирном Плане, вы можете видеть и слышать на плане, с которого пришли, видя все в оттенках серого и не видя того, что происходит за пределами 60 футов. Вы можете воздействовать только на существ, находящихся на Эфирном Плане, и только такие существа могут воздействовать на вас. Существа, не находящиеся там, не могут вас воспринимать и взаимодействовать с вами, если у них нет таких возможностей.<br>";"изобретатель"
249bc965-1dc4-40ed-a7ce-2b97158f5cff;"2";"Небесные письмена [Skywrite]";"2 круг, преобразование (ритуал)";"1 действие";"В пределах видимости";"В, С";"Концентрация, вплоть до 1 часа";"В указанной вами части неба, которую вы можете видеть, возникает до десяти слов. Слова выглядят так, словно состоят из облаков, и остаются на одном месте, пока действует заклинание, после чего рассеиваются. Сильный ветер может рассеять их и досрочно закончить заклинание.<br>";"изобретатель(XGE)"
95f9eb34-d19b-4fd0-9037-2f1894063425;"2";"Невидимость [Invisibility]";"2 круг, иллюзия";"1 действие";"Касание";"В, С, М";"Концентрация, вплоть до 1 часа";"(ресница в смоле)Существо, которого вы касаетесь, становится невидимым до окончания действия заклинания. Все, что цель несет или носит, становится невидимым, пока остается у неё. Заклинание оканчивается на цели, если она совершает атаку или накладывает заклинание.<br>
<b>На больших уровнях.</b> Если вы накладываете это заклинание, используя ячейку 3 уровня или выше, вы можете сделать целью одно дополнительное существо за каждый уровень ячейки выше второго.<br>";"изобретатель"
18e023c8-ae6c-407c-9647-69224090015c;"0";"Обморожение [Frostbite]";"Трюк, воплощение";"1 действие";"60 футов";"В, С";"Мгновенная";"Сильный холод окружает одно существо, которое вы можете видеть в пределах дистанции. Цель должна совершить спасбросок Телосложения. При провале цель получает 1к6 урона холодом и совершает с помехой следующий бросок атаки оружием до конца своего следующего хода.<br>
Урон этого заклинания увеличивается на 1к6, когда вы достигаете 5 уровня (2к6), 11 уровня (3к6) и 17 уровня (4к6).<br>";"изобретатель(XGE)"
c8040d97-5dd1-40bd-8146-ed5f90200206;"1";"Обнаружение магии [Detect magic]";"1 круг, прорицание (ритуал)";"1 действие";"На себя";"В, С";"Концентрация, вплоть до 10 минут";"Пока заклинание активно, вы чувствуете присутствие магии в пределах 30 футов. Если вы почувствовали за счет этого заклинания присутствие магии, вы можете действием увидеть слабую ауру вокруг видимого существа или предмета, несущего на себе магию, а также узнать школу этой магии, если она есть.<br>
Заклинание проницает большую часть барьеров, но блокируется 1 футом камня, 1 дюймом обычного металла, тонким листом свинца или 3 футами дерева или земли.<br>";"изобретатель"
2781a71f-5410-4550-8bde-ce1cde10cf3e;"0";"Огненный снаряд [Fire bolt]";"Трюк, воплощение";"1 действие";"120 футов";"В, С";"Мгновенная";"Вы кидаете сгусток огня в существо или предмет в пределах дистанции. Совершите по цели дальнобойную атаку заклинанием. При попадании цель получает урон огнём 1к10. Горючие предметы, по которым попало это заклинание, воспламеняются, если их никто не несет и не носит.<br>
Урон этого заклинания увеличивается на 1к10, когда вы достигаете 5 уровня (2к10), 11 уровня (3к10), 17 уровня (4к10).<br>";"изобретатель"
ba066fa5-fbeb-4aa0-9354-e51f100130c4;"1";"Огонь фей [Faerie fire]";"1 круг, воплощение";"1 действие";"60 футов";"В";"Концентрация, вплоть до 1 минуты";"Все предметы в кубе с длиной ребра 20 футов в пределах дистанции подсвечиваются синим, зелёным или фиолетовым цветом (на ваш выбор). Все существа в этой области тоже подсвечиваются, если проваливают спасбросок Ловкости. На время длительности заклинания подсвеченные предметы и существа испускают тусклый свет в радиусе 10 футов.<br>
Все броски атаки по затронутым существам и предметам совершаются с преимуществом, если атакующий видит их, и эти существа и предметы не получают преимуществ от невидимости.<br>";"изобретатель"
04f6095a-963f-42be-8595-59afb59f1fb0;"5";"Оживление вещей [Animate objects]";"5 круг, преобразование";"1 действие";"120 футов";"В, С";"Концентрация, вплоть до 1 минуты";"По вашему приказу оживают предметы. Выберите до десяти немагических предмета в пределах дистанции, которые никто не несёт и не носит. Цели Среднего размера считаются за два предмета, Большие цели считаются за четыре предмета, Огромные цели считаются за восемь предметов. Оживлять предметы с размером больше Огромного нельзя. Все цели оживают и становятся существами под вашим контролем до окончания действия заклинания или пока их хиты не уменьшатся до 0.<br>
Вы можете бонусным действием мысленно отдать приказ существу, созданному этим заклинанием, если оно находятся в пределах 500 футов от вас (если вы контролируете несколько существ, вы можете отдавать один и тот же приказ любому количеству из них одновременно). Вы решаете, какое действие совершит это существо, и куда оно переместится в следующем ходу, или вы можете отдать общий приказ, например, охранять комнату или коридор. Если вы не отдадите команду, существо будет всего лишь защищаться от врагов. Получив приказ, существо продолжает его выполнять, пока задача не будет выполнена.<br>

Оживлённый предмет является конструктом с КД, хитами, атаками, Силой и Ловкостью, зависящими от его размера. Его Телосложение 10, Интеллект и Мудрость 3, а Харизма 1. Его скорость 30 футов";"изобретатель"
6d44f2f2-e412-47ea-b6b5-1a4b5a42ec71;"1";"Опознание [Identify]";"1 круг, прорицание (ритуал)";"1 минута";"Касание";"В, С, М";"Мгновенная";"(жемчужина, стоящая как минимум 100 зм, и перо совы)Вы выбираете один предмет, не переставая касаться его во время всего накладывания заклинания. Если это магический предмет, вы узнаете его свойства, способ их использования, требуется ли для использования настройка на него, и сколько осталось зарядов, если они есть. Вы узнаете, действуют ли в данный момент заклинания на этот предмет, и что это за заклинания. Если предмет был создан заклинанием, вы узнаете, что это было за заклинание.<br>
Если вы вместо этого во время накладывания заклинания касаетесь существа, вы узнаете, какие заклинания в данный момент действуют на него.<br>";"изобретатель"
3b8db5ee-60a6-47ce-9ebe-ea90f38b0815;"4";"Отилюков упругий шар [Otiluke’s resilient sphere]";"4 круг, воплощение";"1 действие";"30 футов";"В, С, М";"Концентрация, вплоть до 1 минуты";"(полусферический кусочек чистого кристалла и такая же по размерам полусфера из гуммиарабика)Сфера из мерцающей силы окружает находящееся в пределах дистанции существо или предмет с размером не больше Большого. Нежелающее существо должно совершить спасбросок Ловкости. При провале существо окружается сферой на время действия заклинания.<br>
Ничто — ни физические предметы, ни энергия, ни эффекты прочих заклинаний — не могут проходить через этот барьер, как внутрь, так и наружу, хотя существо в сфере может дышать нормально. Сфера обладает иммунитетом ко всем видам урона, и находящееся внутри существо или предмет не может получать урон от атак и эффектов, исходящих снаружи, но и находящееся в сфере существо не может причинить урон ничему, что находится снаружи.<br>
Сфера ничего не весит, и она достаточно велика, чтобы вместить существо или предмет. Окруженное существо может действием толкать стены сферы и таким образом перемещаться со скоростью, уменьшенной вдвое. Точно так же, сферу могут поднять и переносить другие существа.<br>
Заклинание распад [disintegrate], нацеленное на сферу, уничтожает её, не причиняя вреда тому, что находится внутри.<br>";"изобретатель"
d543aff1-9d84-4641-856d-15b4dceddeba;"3";"Охранные руны [Glyph of warding]";"3 круг, ограждение";"1 час";"Касание";"В, С, М";"Пока не рассеется или не сработает";"(благовония и растолчённый бриллиант, стоящий как минимум 200 зм, расходуемый заклинанием)Когда вы накладываете это заклинание, вы рисуете руну, воздействующую на других существ, либо на поверхности (такой как стол или часть пола или стены) либо в предмете, который можно закрыть (книга, свиток или сундук с сокровищами), спрятав, таким образом, руну. Руна может покрывать площадь диаметром не больше 10 футов. Если предмет или поверхность переместят более чем на 10 футов от того места, где вы накладываете заклинание, руна сломается, и заклинание окончится, не срабатывая.<br>
Руна практически невидимая, и для её обнаружения требуется успешная проверка Интеллекта (Расследование) против Сл ваших заклинаний.<br>
Вы решаете, что вызовет срабатывание руны, когда накладываете заклинание. Руны, написанные на поверхности, обычно срабатывают от касания, вставания на нее, снимания предмета, стоящего на руне, приближения на определенное расстояние, или манипулирования предметом, на котором начертана руна. Для рун, начертанных внутри предметов, чаще всего выбирают открывание, приближение на определенное расстояние, взгляд, брошенный на руну или попытку её прочтения. После того как руна сработает, заклинание оканчивается.<br>
Вы можете внести уточнения, чтобы заклинание срабатывало только в определенных обстоятельствах или при соблюдении внешних признаков (таких как рост и вес), вид существа (например, руна может защищать только от аберраций и дроу), или мировоззрение. Вы можете также определить условия, при которых существо не будет активировать руну, например, произношение пароля.<br>
Когда вы наносите руну, выберите взрывную руну или заклинательную руну.<br>
<b>Взрывная руна</b>. Когда эта руна срабатывает, она испускает магическую энергию сферой с радиусом 20 футов с центром на руне. Эта сфера огибает углы. Все существа в этой области должны совершить спасбросок Ловкости. Существо получает урон звуком, кислотой, огнём, холодом или электричеством 5к8 при провале (вид урона вы выбираете при начертании руны), или половину этого урона при успехе.<br>
<b>Заклинательная руна</b>. Вы можете сохранить подготовленное заклинание с уровнем не выше 3 в руне, наложив его частью начертания руны. Заклинание должно нацеливаться на одно существо или область. При этом заклинание временно не вступает в силу. Когда руна срабатывает, хранящееся заклинание активируется. Если у заклинания есть цель, целью становится существо, вызвавшее срабатывание руны. Если заклинание действует на область, центр этой области будет на этом существе. Если заклинание призывает враждебных существ или создает вредоносные предметы или ловушки, они появляются как можно ближе к нарушителю и атакуют его. Если заклинание требует концентрации, оно длится до конца своей максимальной длительности.<br>
<b>На больших уровнях.</b> Если вы накладываете это заклинание, используя ячейку 4 уровня или выше, урон от взрывной руны увеличивается на 1к8 за каждый уровень ячейки выше третьего. Если вы накладывали заклинательную руну, вы можете хранить в ней заклинание с уровнем, равным уровню ячейки, использованной для охранных рун.<br>";"изобретатель"
b6dc6834-303b-454a-b141-b4ec3d2e05e3;"1";"Очищение пищи и питья [Purify food and drink]";"1 круг, преобразование (ритуал)";"1 действие";"10 футов";"В, С";"Мгновенная";"Вся немагическая еда и питьё в пределах сферы с радиусом 5 футов с центром на точке, выбранной вами в пределах дистанции, очищается и избавляется от ядов и болезней.<br>";"изобретатель"
29545846-5ee0-4982-a788-b782c83c12e9;"1";"Падение пёрышком [Feather fall]";"1 круг, преобразование";"1 реакция, совершаемая вами, когда вы или существо в пределах 60 футов от вас начинаете падать";"60 футов";"В, М";"1 минута";"(небольшое перо или кусочек пуха)Выберите до пяти падающих существ в пределах дистанции. До окончания действия заклинания их скорость падения уменьшается до 60 футов в раунд. Если такое существо приземлится до окончания заклинания, оно не получает урон от падения и может приземлиться на ноги, и тогда заклинание оканчивает действие на него.<br>";"изобретатель"
64be4ef9-f565-43c1-ab07-b2e4d29f36d4;"2";"Паук [Spider climb]";"2 круг, преобразование";"1 действие";"Касание";"В, С, М";"Концентрация, вплоть до 1 часа";"(капля битума и паук)Пока заклинание активно, одно согласное существо, которого вы касаетесь, получает возможность перемещаться вверх, вниз и вдоль вертикальных поверхностей, а также по потолкам, оставляя руки свободными. Цель также получает скорость лазания, равную своей скорости ходьбы.<br>";"изобретатель"
52aa16a6-db01-4f7d-9ee6-8cbf2a5511b9;"2";"Паутина [Web]";"2 круг, вызов";"1 действие";"60 футов";"В, С, М";"Концентрация, вплоть до 1 часа";"(кусочек паутины)Вы создаете массу густой и клейкой паутины в точке на ваш выбор в пределах дистанции. Паутина заполняет куб с длиной ребра 20 футов на время длительности заклинания. Паутина является труднопроходимой местностью и слабо заслоняет местность.<br>
Если паутина не прикована к двум прочным структурам (таким как стены или деревья) и не разложена по полу, стене или потолку, созданная паутина опадает сама, и заклинание оканчивается в начале вашего следующего хода. Паутина, разложенная по плоской поверхности, обладает толщиной 5 футов.<br>
Все существа, начинающие ход в паутине, или входящие в неё в свой ход, должны совершать спасбросок Ловкости. При провале существо становится опутанным, пока остается в паутине, или пока не вырвется.<br>
Существо, опутанное паутиной, может действием совершить проверку Силы против Сл ваших заклинаний. В случае успеха оно перестает быть опутанным.<br>
Паутина огнеопасна. Любой 5-футовый куб паутины, соприкоснувшийся с огнём, сгорает за 1 раунд, причиняя урон огнём 2к4 всем существам, начинающим ход в огне.<br>";"изобретатель"
2998ca5e-eee8-43ef-8b68-41dd91e6f006;"2";"Пиротехника [Pyrotechnics]";"2 круг, преобразование";"1 действие";"60 футов";"В, С";"Мгновенная";"Выберите область немагического огня в кубе с длиной ребра 5 футов, которую вы видите в пределах дистанции. Вы можете потушить огонь в этой области, а затем сотворить фейерверки или дымовую завесу.<br>
<b>Дымовая завеса.</b> Густой чёрный дым расползается в радиусе 20 футов, огибая углы. Область становится сильно заслонённой. Дым остаётся на месте 1 минуту, или пока сильный ветер не развеет его.<br>
<b>Фейерверки.</b> Область взрывается ослепительной разноцветной вспышкой. Все существа в пределах 10 футов от области должны преуспеть в спасброске Телосложения, иначе станут ослеплёнными до конца вашего следующего хода.<br>";"изобретатель(XGE)"
07ecad0b-4cba-4830-ae21-7f099f5d1a4f;"0";"Пляшущие огоньки [Dancing lights]";"Трюк, воплощение";"1 действие";"120 футов";"В, С, М";"Концентрация, вплоть до 1 минуты";"(кусочек фосфора, гнилушка или светлячок)Вы создаете до четырех огоньков размером с факел в пределах дистанции, делая их похожими на факелы, фонари или светящиеся сферы, парящие в воздухе. Вы можете также объединить четыре огонька в одну светящуюся человекоподобную фигуру Среднего размера. Какую бы форму вы не выбрали, каждый огонек излучает тусклый свет в радиусе 10 футов.<br>
Вы можете бонусным действием в свой ход переместить огоньки на 60 футов в новое место в пределах дистанции. Каждый огонек должен находиться в пределах 20 футов от другого огонька, созданного этим заклинанием, и огонек тухнет, если оказывается за пределами дистанции заклинания.<br>";"изобретатель"
725ea538-bfcb-4b9c-849d-cf3da3ab7f25;"1";"Поглощение стихий [Absorb elements]";"1 круг, ограждение";"1 реакция, совершаемая вами, когда вы получаете урон звуком, кислотой, огнём, холодом или электричеством";"На себя";"С";"1 раунд";"Заклинание поглощает часть энергии, направленной на вас, ослабляя эффект и запасая эту энергию для использования во время следующей рукопашной атаки. До начала своего следующего хода вы получаете сопротивление тому виду урона, который спровоцировал данное заклинание. Кроме того, когда вы впервые попадаете рукопашной атакой в следующем ходу, цель получает дополнительно 1к6 урона этого вида, после чего заклинание заканчивается.<br>
<b>На больших уровнях.</b> Если вы накладываете это заклинание, используя ячейку 2 уровня или выше, то дополнительный урон увеличивается на 1к6 за каждый уровень ячейки выше 1.<br>";"изобретатель(XGE)"
42556e17-c4ac-4dcf-9f23-35036f92de8c;"3";"Подводное дыхание [Water breathing]";"3 круг, преобразование (ритуал)";"1 действие";"30 футов";"В, С, М";"24 часа";"(камыш или соломинка)Это заклинание дарует на время своего действия до десяти существам, видимым вами в пределах дистанции, способность дышать под водой. Эти существа сохраняют и обычное дыхание.<br>";"изобретатель"
83b13058-1abb-4b61-826f-81a709ba2c5c;"2";"Подмога [Aid]";"2 круг, ограждение";"1 действие";"30 футов";"В, С, М";"8 часов";"(полоска белой ткани)Ваше заклинание наделяет союзников стойкостью и решимостью. Выберите до трёх существ в пределах дистанции. На время длительности максимум хитов и текущие хиты всех целей увеличиваются на 5.<br>
<b>На больших уровнях.</b> Если вы накладываете это заклинание, используя ячейку 3 уровня или выше, хиты целей увеличиваются ещё на 5 за каждый уровень ячейки выше второго.<br>";"изобретатель"
e8eb4abf-497f-4735-8961-bb514adc1ae0;"3";"Полёт [Fly]";"3 круг, преобразование";"1 действие";"Касание";"В, С, М";"Концентрация, вплоть до 10 минут";"(перо из крыла любой птицы)Вы касаетесь согласного существа. Цель получает на время длительности заклинания скорость полёта 60 футов. Когда заклинание оканчивается, цель падает, если всё ещё находится в полёте и ничем не может остановить падение.<br>
<b>На больших уровнях.</b> Если вы накладываете это заклинание, используя ячейку 4 уровня или выше, вы можете сделать целью одно дополнительное существо за каждый уровень ячейки выше 3.<br>";"изобретатель"
b7dee615-0a24-41ce-98d2-cf6d5069ad9c;"1";"Поспешное отступление [Expeditious retreat]";"1 круг, преобразование";"1 бонусное действие";"На себя";"В, С";"Концентрация, вплоть до 10 минут";"Это заклинание позволяет перемещаться с невероятной скоростью. Когда вы накладываете это заклинание, а также в последующие ходы, бонусным действием, пока активно заклинание, вы можете совершать действие Рывок.<br>";"изобретатель"
78c8e06e-8ec4-4e5e-8094-1d1e219e68fe;"3";"Поступь Ашардалона [Ashardalon’s Stride]";"3 круг, преобразование";"1 бонусное действие";"На себя";"В, С";"концентрация, до 1 минуты";"Бушующее пламя дракона вырывается из под ваших ног, даруя вам взрывную скорость. Пока заклинание активно ваша скорость ходьбы увеличивается на 20 футов, и ваше движение не вызывает провоцированных атак.<br>
Когда вы перемещаетесь в пределах 5 футах от существа или предмета, который не несут или не носят, оно получает 1к6 урона огнём от вашего пылающего следа. Существо или объект может получить этот урон только один раз за ход.<br>
<b>На больших уровнях. </b>Если вы накладываете это заклинание, используя ячейку 4-го уровня или выше, скорость увеличивается на 5 футов за каждый уровень ячейки выше 3-го. Урон огнём увеличивается на 1к6 за каждый уровень ячейки выше 3-го уровня.<br>";"изобретатель"
e59005bc-e965-4319-a07c-11bffdc2c375;"0";"Починка [Mending]";"Трюк, преобразование";"1 минута";"Касание";"В, С, М";"Мгновенная";"(два магнетита)Это заклинание чинит одно повреждение или разрыв на предмете, которого касаетесь, например, разорванное звено цепи, две половинки сломанного ключа, порванный плащ или протекающий бурдюк. Если повреждение или разрыв не больше 1 фута в любом измерении, вы чините его, не оставляя следов.<br>
Это заклинание может физически починить магический предмет или конструкта, но не может восстановить магию в таких предметах.<br>";"изобретатель"
d510830f-4223-48b6-a481-3cb94e400545;"5";"Преобразование камня  [Transmute rock]";"5 круг, преобразование";"1 действие";"120 футов";"В, С, М";"Мгновенная";"(глина и вода)Вы выбираете область камня или грязи в кубе с длиной ребра 40 футов, которую вы можете видеть в пределах дистанции, а затем выбираете один из следующих эффектов:<br>
<b>Преобразование камня в грязь.</b> Любой камень немагического происхождения в области превращается в равный объём густой, текучей грязи, которая остаётся в таком состоянии, пока действует заклинание.<br>
Если вы накладываете это заклинание на землю, она становится достаточно зыбкой, чтобы существа могли в ней утонуть. Каждый фут перемещения в этой области обходится в 4 фута. Все существа, стоявшие в этой области в момент накладывания заклинания, должны совершить спасбросок Силы. Существа также должны совершать этот спасбросок, когда впервые за ход оказываются в этой области или заканчивают свой ход в ней. При провале существо погружается в грязь и считается опутанным, но может действием освободиться и перестать быть опутанным.<br>
Если вы накладываете это заклинание на потолок, грязь обваливается вниз. Все существа, оказавшиеся внизу, должны совершить спасбросок Ловкости, получая 4к8 дробящего урона или половину этого урона при успехе.<br>
<b>Преобразование грязи в камень. </b>Любая грязь или зыбучий песок немагического происхождения глубиной не более 10 футов превращаются в мягкий камень на время действия заклинания. Все существа, находившиеся в грязи в момент накладывания заклинания, должны совершить спасбросок Ловкости. При провале застывший камень делает существо опутанным. Опутанное существо может действием попытаться освободиться, если совершит успешную проверку Силы (Сл 20) или причинит 25 урона камню вокруг себя. В случае успешного спасброска существо выбирается из камня в ближайшее свободное пространство. Опутанное существо или иное существо в пределах досягаемости могут действием попытаться разломать камень, совершив успешную проверку Силы Сл 20, или нанося камню урон. У камня 25 хитов и КД 15, а также иммунитет к урону психической энергией и урону ядом.<br>";"изобретатель(XGE)"
e3f1a62a-55f4-4f72-838e-d6a249066812;"4";"Призыв духа конструкта [Summon Construct]";"4 круг, вызов";"1 действие";"90 футов";"В, С, М";"Концентрация, вплоть до 1 часа";"(затейливая шкатулка с замком, сделанная из камня и металла, стоимостью не менее 400 зм)Вы призываете духа конструкта [construct spirit]. Он проявляется в незанятом пространстве, которое вы можете видеть в пределах дистанции. Воплощённая форма духа использует блок статистики духа конструкта [construct spirit]. Когда вы накладываете заклинание, выберите материал: глина, металл или камень. Существо принимает форму голема или модрона (на ваш выбор), изготовленного из выбранного материала, который определяет особенности существа, описанные в блоке статистики. Существо исчезает, когда его хиты опускаются до 0 или когда заклинание заканчивается.<br>
Это существо дружелюбно к вам и вашим товарищам. В бою существо получает вашу инициативу, и ходит сразу же после вас. Оно подчиняется вашим словесным командам (никаких действий от вас не требуется). Если вы ничего не приказываете, то оно применяет действие Уклонение и перемещается, избегая опасностей.<br>
<b>На больших уровнях.</b> Когда вы накладываете это заклинание, используя ячейку 4-го уровня или выше, характеристики призываемого существа изменяются в соответствии с описанием в блоке статистики.<br>";"изобретатель(TCE)"
ec706be7-9c7c-4adc-9d98-5df1a0089622;"4";"Проклятье стихий  [Elemental bane]";"4 круг, преобразование";"1 действие";"90 футов";"В, С";"Концентрация, вплоть до 1 минуты";"Выберите одно существо, которое вы можете видеть в пределах дистанции, а затем выберите один из следующих видов урона: звук, кислота, огонь, холод или электричество. Цель должна преуспеть в спасброске Телосложения, иначе будет подвержена эффекту заклинания в течение времени его действия. Когда цель впервые за ход получает урон выбранного вида, она также получает дополнительный 2к6 урона этого вида. Кроме того, цель теряет любые сопротивления этому виду урона, пока не закончится заклинание.<br>
<b>На больших уровнях.</b> Если вы накладываете это заклинание, используя ячейку 5 уровня или выше, вы можете выбрать одну дополнительную цель за каждый уровень ячейки выше 5. Выбранные существа должны находиться в пределах 30 футов друг от друга.<br>";"изобретатель(XGE)"
e2805986-d103-4417-8685-f00fd0c14401;"1";"Прыжок [Jump]";"1 круг, преобразование";"1 действие";"Касание";"В, С, М";"1 минута";"(задняя лапка кузнечика)Вы касаетесь существа. Пока заклинание активно, расстояние прыжка этого существа увеличивается в три раза.<br>";"изобретатель"
7c543298-8eff-4a0e-89ab-1e9c23f93616;"1";"Псевдожизнь [False life]";"1 круг, некромантия";"1 действие";"На себя";"В, С, М";"1 час";"(небольшое количество алкоголя или дистиллированного спирта)Укрепив себя некромантским подобием жизни, вы получаете 1к4 + 4 временных хита на время длительности заклинания.<br>
<b>На больших уровнях.</b> Если вы накладываете это заклинание, используя ячейку 2 уровня или выше, вы получаете 5 дополнительных временных хитов за каждый уровень ячейки выше первого.<br>";"изобретатель"
0d6c74b7-be44-4154-b80a-b676c6d5e84c;"3";"Пылающие стрелы [Flame arrows]";"3 круг, преобразование";"1 действие";"Касание";"В, С";"Концентрация, вплоть до 1 часа";"Вы касаетесь колчана, в котором находятся стрелы или болты. Когда дальнобойная атака оружием с использованием боеприпаса, вынутого из этого колчана, попадает по цели, цель получает дополнительно 1к6 урона огнём. Действие магии на боеприпасе заканчивается после попадания или промаха. Заклинание заканчивается, когда из колчана было извлечено 12 боеприпасов.<br>
<b>На больших уровнях.</b> Если вы накладываете это заклинание, используя ячейку 4 уровня или выше, количество боеприпасов, на которые действует заклинание, увеличивается на 2 за каждый уровень ячейки выше 3.<br>";"изобретатель(XGE)"
f15c312f-5a2e-4221-9d1d-bfcc225f94c2;"2";"Размытый образ [Blur]";"2 круг, иллюзия";"1 действие";"На себя";"В";"Концентрация, вплоть до 1 минуты";"Ваше тело становится размытым и колышущимся для всех, кто видит вас. Пока заклинание активно, все существа совершают по вам броски атаки с помехой. Атакующий получает иммунитет к этому эффекту, если полагается не на зрение, а, например, на слепое зрение, или может видеть сквозь иллюзии, например, с помощью истинного зрения.<br>";"изобретатель"
16698ec2-acb5-41b6-a3ae-6a16c6f40a57;"2";"Раскалённый металл [Heat metal]";"2 круг, преобразование";"1 действие";"60 футов";"В, С, М";"Концентрация, вплоть до 1 минуты";"(кусок железа и пламя)Выберите рукотворный металлический предмет, такой как металлическое оружие или комплект тяжелого или среднего доспеха, видимый в пределах дистанции. Вы делаете его раскаленным докрасна. Все существа, находящиеся в физическом контакте с этим предметом, получают урон огнём 2к8, когда вы накладываете это заклинание. Пока заклинание активно, вы можете бонусным действием в каждом последующем ходу вновь причинять этот урон. Если существо держит или носит предмет, и получает от него урон, оно должно преуспеть в спасброске Телосложения, иначе оно роняет этот предмет, если может. Если оно не может уронить предмет, то до начала вашего следующего хода совершает с помехой броски атаки и проверки характеристик.<br>
<b>На больших уровнях.</b> Если вы накладываете это заклинание, используя ячейку 3 уровня или выше, урон увеличивается на 1к8 за каждый уровень ячейки выше второго.<br>";"изобретатель"
08b6f648-c2fc-4f93-8205-e134909ff211;"0";"Раскат грома [Thunderclap]";"Трюк, воплощение";"1 действие";"5 футов";"С";"Мгновенная";"Вы вызываете оглушительный раскат грома, который слышен на расстоянии до 100 футов. Все существа кроме вас в пределах дистанции должны совершить спасбросок Телосложения. При провале существо получает 1к6 урона звуком.<br>
Урон заклинания увеличивается на 1к6, когда вы достигаете 5 уровня (2к6), 11 уровня (3к6) и 17 уровня (4к6).<br>";"изобретатель(XGE)"
0795f997-61fd-4d51-988c-ea2767bcf5b5;"3";"Рассеивание магии [Dispel magic]";"3 круг, ограждение";"1 действие";"120 футов";"В, С";"Мгновенная";"Выберите одно существо, предмет или магический эффект в пределах дистанции. Все заклинания 3-го уровня и ниже на цели оканчиваются. Для каждого заклинания с уровнем 4 или выше совершите проверку базовой характеристики. Сл равна 10 + уровень заклинания. При успехе это заклинание оканчивается.<br>
<b>На больших уровнях.</b> Если вы накладываете это заклинание, используя ячейку 4-го уровня или выше, вы автоматически оканчиваете эффекты заклинаний на цели, чей уровень не превышает уровень использованной ячейки заклинаний.<br>";"изобретатель"
059bd033-9fe2-46d9-b4a6-cee84b2e6260;"0";"Свет [Light]";"Трюк, воплощение";"1 действие";"Касание";"В, М";"1 час";"(светлячок или фосфоресцирующий мох)Вы касаетесь одного предмета, длина которого ни по одному из измерений не превышает 10 футов. Пока заклинание активно, предмет испускает яркий свет в радиусе 20 футов и тусклый свет в пределах ещё 20 футов. Свет может быть любого выбранного вами цвета. Полное покрытие предмета чем-то непрозрачным блокирует свет. Заклинание оканчивается, если вы наложите его ещё раз или окончите действием.<br>
Если вы нацелились на предмет, несомый или носимый враждебным существом, это существо должно преуспеть в спасброске Ловкости, чтобы увернуться от заклинания.<br>";"изобретатель"
c2fd7956-067d-464c-893f-7fbb04d72b55;"4";"Свобода перемещения [Freedom of movement]";"4 круг, ограждение";"1 действие";"Касание";"В, С, М";"1 час";"(кожаный ремешок, обмотанный вокруг предплечья или аналогичной конечности)Вы касаетесь согласного существа. Пока заклинание активно, на перемещения цели не влияет труднопроходимая местность, а заклинания и прочие магические эффекты не могут ни уменьшить её скорость, ни сделать её парализованной или опутанной.<br>
Цель может также потратить 5 футов перемещения, чтобы автоматически высвободиться из немагических оков, таких как кандалы или захват другого существа. Более того, нахождение под водой не накладывает штрафы на перемещение и атаки цели.<br>";"изобретатель"
841b5cc9-b2ae-42f2-a44c-d83a017aa6b5;"1";"Сигнал тревоги [Alarm]";"1 круг, ограждение (ритуал)";"1 минута";"30 футов";"В, С, М";"8 часов";"(колокольчик и серебряная проволочка)Вы устанавливаете сигнализацию на случай вторжения. Выберите дверь, окно или область в пределах дистанции не больше куба с длиной ребра 20 футов. До окончания действия заклинания тревога уведомляет вас каждый раз, когда охраняемой области касается или входит в неё существо с размером не меньше Крошечного. При накладывании заклинания вы можете указать существ, которые не будут вызывать срабатывание тревоги. Вы также выбираете, мысленной будет тревога или слышимой.<br>
Мысленная тревога предупреждает вас звоном в сознании, если вы находитесь в пределах 1 мили от охраняемой области. Этот звон пробуждает вас, если вы спите.<br>
Слышимая тревога издает звон колокольчика в течение 10 секунд в пределах 60 футов.<br>";"изобретатель"
9a68728e-ffed-4404-9fd9-e12d5eb9c1d5;"1";"Силок [Snare]";"1 круг, ограждение";"1 минута";"Касание";"В, С, М";"8 часов";"(25 футов верёвки, расходуемые заклинанием)Когда вы накладываете это заклинание, вы используете верёвку, чтобы создать круг с радиусом 5 футов на земле или на полу. По завершении этого процесса верёвка исчезает, и круг становится волшебной ловушкой.<br>
Эта ловушка почти невидима. Чтобы её заметить, требуется совершить успешную проверку Интеллекта (Расследование) против Сл вашего заклинания.<br>
Ловушка срабатывает, когда Маленькое, Среднее или Большое существо перемещается по земле или полу в зоне действия заклинания. Это существо должно преуспеть в спасброске Ловкости, иначе будет волшебным образом поднято в воздух и останется висеть вверх ногами на высоте 3 фута над землёй или полом. Существо опутано на этом месте, пока заклинание не окончится.<br>
Опутанное существо может совершать спасбросок Ловкости в конце каждого своего хода, оканчивая на себе эффект при успехе. В качестве альтернативы существо или кто-то другой, кто может дотянуться до него, может действием совершить проверку Интеллекта (Магия) против Сл вашего заклинания. При успехе удерживающий эффект оканчивается.<br>
После срабатывания ловушки заклинание заканчивается, если никакое существо им больше не удерживается.<br>";"изобретатель(XGE)"
08fa4091-b29d-4aa2-a76e-f6bc2b1ad5c7;"1";"Скольжение [Grease]";"1 круг, вызов";"1 действие";"60 футов";"В, С, М";"1 минута";"(кусок масла или свиного сала)Скользкий жир покрывает пол в квадрате с длиной стороны 10 футов с центром на точке в пределах дистанции, делая эту местность труднопроходимой, пока заклинание активно.<br>
Когда жир появляется, все существа, стоящие в этой области, должны преуспеть в спасброске Ловкости, иначе они падают ничком. Существа, входящие в эту область или оканчивающие там ход, тоже должны преуспеть в спасброске Ловкости, чтобы не упасть.<br>";"изобретатель"
99b9f250-3870-46ca-9a31-6457e3d0b04c;"1";"Скороход [Longstrider]";"1 круг, преобразование";"1 действие";"Касание";"В, С, М";"1 час";"(щепотка земли)Вы касаетесь существа. Пока заклинание активно, скорость существа увеличивается на 10 футов.<br>
<b>На больших уровнях.</b> Если вы накладываете это заклинание, используя ячейку 2 уровня или выше, вы можете сделать целью одно дополнительное существо за каждый уровень ячейки выше первого.<br>";"изобретатель"
c7f75166-8ecd-470f-9743-52a1f9b7d562;"2";"Смена обличья [Alter self]";"2 круг, преобразование";"1 действие";"На себя";"В, С";"Концентрация, вплоть до 1 часа";"Вы принимаете другой облик. При накладывании выберите один из представленных ниже вариантов, эффект от которого будет продолжаться всю длительность заклинания. Пока заклинание активно, вы можете действием окончить один эффект, чтобы получить преимущества другого.<br>
<b>Адаптация к воде</b>. Вы приспосабливаете свое тело к существованию в воде, отращивая жабры и перепонки между пальцами. Вы можете дышать под водой и получаете скорость плавания, равную скорости ходьбы.<br>
<b>Естественное оружие</b>. Вы отращиваете когти, клыки, шипы, рога или другое естественное оружие на свой выбор. Ваш безоружный удар причиняет дробящий, колющий или рубящий урон 1к6, в зависимости от выбранного вами оружия, и вы владеете безоружными ударами. Это оружие будет магическим, и вы получаете бонус +1 к броскам атаки и урона им.<br>
<b>Изменение внешности</b>. Вы изменяете свою внешность. Вы сами решаете, на кого будете походить, включая рост, вес, лицо, звук голоса, длину волос, цвета и отличительные характеристики. Вы можете стать похожим на представителя другой расы, но ваши показатели не изменяются. Вы также не можете выглядеть как существо другой категории размера, и ваше тело остается примерно тем же самым";"изобретатель"
553b65da-8593-4e0c-add4-99effe1deb57;"0";"Сообщение [Message]";"Трюк, преобразование";"1 действие";"120 футов";"В, С, М";"1 раунд";"(кусочек медной проволоки)Вы указываете пальцем на существо, находящееся в пределах дистанции, и шепчете послание. Цель (и только цель) слышит его, и может ответить шепотом, который услышите только вы.<br>
Вы можете использовать это заклинание сквозь твердые препятствия, если вы знакомы с целью и знаете, что она находится за барьером. Магическая тишина, 1 фут камня, 1 дюйм обычного металла, тонкий лист свинца или 3 фута дерева блокируют заклинание. Заклинание не обязано идти по прямой линии, и может огибать углы и проходить через отверстия.<br>";"изобретатель"
1f55094f-9b47-4f22-adc0-c0abb97c8d8c;"0";"Сопротивление [Resistance]";"Трюк, ограждение";"1 действие";"Касание";"В, С, М";"Концентрация, вплоть до 1 минуты";"(крошечный плащ)Вы касаетесь одного согласного существа. Пока заклинание активно, цель может один раз бросить к4 и добавить выпавшее число к одному спасброску на свой выбор. Кость можно кидать до или после спасброска. После этого заклинание оканчивается.<br>";"изобретатель"
802d3bfb-0afa-48c5-bf66-a8c66012897e;"5";"Сотворение [Creation]";"5 круг, иллюзия";"1 минута";"30 футов";"В, С, М";"Особая";"(крошечный кусочек материи того же вида, из которого вы планируете создать предмет)Вы зачерпываете теневую материю в Царстве Теней и создаёте в пределах дистанции неживой предмет из растительной материи: ткань, верёвку, дерево, или что-то подобное. Вы также можете этим заклинанием создавать минеральную материю, такую как камни, кристаллы и металлы. Создаваемый предмет должен помещаться в куб с длиной ребра 5 футов, и должен иметь форму и материю, которые вы раньше видели.<br>
Длительность зависит от создаваемого материала. Если предмет составлен из нескольких материалов, используется самая короткая длительность.<br>

Использование материи, созданной этим заклинанием, в качестве материального компонента для другого заклинания, вызывает провал того заклинания.<br>
<b>На больших уровнях.</b> Если вы накладываете это заклинание, используя ячейку 6 уровня или выше, длина ребра куба увеличивается на 5 футов за каждый уровень ячейки выше пятого.<br>";"изобретатель"
8c08560b-b7e0-49cb-be41-03978f076c04;"0";"Сотворение костра [Create bonfire]";"Трюк, вызов";"1 действие";"60 футов";"В, С";"Концентрация, вплоть до 1 минуты";"Вы создаёте огонь на поверхности земли в точке, которую можете видеть в пределах дистанции. Пока заклинание действует, огонь занимает область в кубе с длиной ребра 5 футов. Все существа, оказавшиеся в этом пространстве в момент накладывания заклинания, должны преуспеть в спасброске Ловкости, иначе получат 1к8 урона огнём. Существо также должно совершать спасбросок, когда впервые за ход оказывается в области действия заклинания или заканчивает свой ход в ней. Пламя поджигает все горючие предметы никем не носимые и не переносимые.<br>
Урон заклинания увеличивается на 1к8, когда вы достигаете 5 уровня (2к8), 11 уровня (3к8) и 17 уровня (4к8).<br>";"изобретатель(XGE)"
33817a66-f477-4fc7-82db-1de85bf18921;"3";"Сотворение пищи и воды [Create food and water]";"3 круг, вызов";"1 действие";"30 футов";"В, С";"Мгновенная";"Вы создаёте 45 фунтов еды и 30 галлонов (100 литров) воды на земле или в контейнере в пределах дистанции, которых достаточно для питания пятнадцати гуманоидов или пятерых скакунов на 24 часа. Еда безвкусная, но сытная, и портится, если её не съесть за 24 часа. Вода чистая, и она не портится.<br>";"изобретатель"
313fd045-9a9a-4437-9b62-98484c430caf;"3";"Стихийное оружие [Elemental weapon]";"3 круг, преобразование";"1 действие";"Касание";"В, С";"Концентрация, вплоть до 1 часа";"Немагическое оружие, которого вы касаетесь, становится магическим. Выберите один из следующих видов урона: звук, кислота, огонь, холод или электричество. Пока заклинание активно, оружие получает бонус +1 к броскам атаки и причиняет при попадании дополнительный урон выбранного вида 1к4.<br>
<b>На больших уровнях.</b> Если вы накладываете это заклинание, используя ячейку 5 или 6 уровня, бонус к броску атаки увеличивается до +2, а дополнительный урон увеличивается до 2к4. Если вы используете ячейку заклинания 7 уровня или выше, бонус увеличивается до +3, а дополнительный урон увеличивается до 3к4.<br>";"изобретатель"
84b8fc2e-687e-4a86-a1bf-3ea955bddd6b;"2";"Тёмное зрение [Darkvision]";"2 круг, преобразование";"1 действие";"Касание";"В, С, М";"8 часов";"(щепотка сушеной морковки или агат)Вы касаетесь согласного существа и даруете ему возможность видеть в темноте. Пока заклинание активно, это существо обладает тёмным зрением в пределах 60 футов.<br>";"изобретатель"
2b0b120f-878a-4619-b45b-f659094988e6;"0";"Терновый кнут [Thorn whip]";"Трюк, преобразование";"1 действие";"30 футов";"В, С, М";"Мгновенная";"(стебель растения с шипами)Вы создаёте длинный, похожий на лозу кнут, покрытый шипами, бьющий по вашей команде существо, находящееся в пределах дистанции. Совершите рукопашную атаку заклинанием по цели. Если атака попадает, существо получает колющий урон 1к6, и если размер существа не больше Большого, вы подтягиваете существо на 10 футов к себе.<br>
Урон этого заклинания увеличивается на 1к6, когда вы достигаете 5 уровня (2к6), 11 уровня (3к6) и 17 уровня (4к6).<br>";"изобретатель"
7a7cc424-c11f-4602-80e3-1f5aaf6930f1;"2";"Трюк с веревкой [Rope trick]";"2 круг, преобразование";"1 действие";"Касание";"В, С, М";"1 час";"(экстракт зерна и петля из пергамента)Вы касаетесь веревки длиной до 60 футов. Один её конец поднимается в воздух, а остальная часть висит перпендикулярно полу. На верхнем конце веревки появляется невидимый вход в межпространство, существующий, пока заклинание активно.<br>
В межпространство можно попасть, забравшись по веревке наверх. В этом межпространстве может поместиться восемь существ с размером не больше Среднего. Веревку можно затянуть внутрь, после чего снаружи её не будет видно.<br>
Атаки и заклинания не могут проходить через вход внутрь межпространства и наружу, но те, кто находятся внутри, могут все видеть как через окно 3 × 5 футов с центром на веревке.<br>
Всё, что находится в межпространстве, вываливается наружу, когда заклинание заканчивается.<br>";"изобретатель"
5716005c-39f5-4604-919a-d1a13d91f8a6;"1";"Убежище [Sanctuary]";"1 круг, ограждение";"1 бонусное действие";"30 футов";"В, С, М";"1 минута";"(маленькое серебряное зеркало)Вы защищаете одно существо в пределах дистанции от атаки. Пока заклинание активно, все существа, нацеливающиеся на защищённое существо атаками или вредоносными заклинаниями, должны вначале совершить спасбросок Мудрости. При провале существо должно выбрать новую цель или потеряет атаку или заклинание. Это заклинание не защищает от эффектов, действующих на площадь, таких как взрыв огненного шара.<br>
Если защищённое существо совершает атаку или накладывает заклинание, воздействующее на враждебное существо или наносит урон другому существу, это заклинание оканчивается.<br>";"изобретатель"
4ac17f98-9f17-4efe-a0b0-50d3eac517aa;"2";"Увеличение/уменьшение [Enlarge/reduce]";"2 круг, преобразование";"1 действие";"30 футов";"В, С, М";"Концентрация, вплоть до 1 минуты";"(щепотка толченого железа)Вы увеличиваете или уменьшаете существо или предмет, видимый вами в пределах дистанции, на время действия заклинания. Выберите или существо или предмет, который никто не несет и не носит. Если цель хочет, она может совершить спасбросок Телосложения. В случае успеха заклинание не оказывает на неё никакого влияния.<br>
Если цель — существо, все, что она носит и несет, изменяет размер вместе с ней. Все, что это существо бросит, тут же обретает свой естественный размер.<br>
<b>Увеличение</b>. Размеры цели удваиваются по всем измерениям, а вес увеличивается в восемь раз. Это увеличивает размер на одну категорию — от Среднего до Большого, например. Если для цели не хватает пространства, она приобретает максимально возможный размер. Пока заклинание активно, цель совершает с преимуществом проверки и спасброски Силы. Оружие цели тоже увеличивается. Атаки увеличенным оружием причиняют дополнительный урон 1к4.<br>
<b>Уменьшение</b>. Размеры цели уменьшаются вдвое по всем измерениям, а вес уменьшается до одной восьмой от обычного. Это уменьшает размер на одну категорию — от Среднего до Маленького, например. Пока заклинание активно, цель совершает с помехой проверки и спасброски Силы. Оружие цели тоже уменьшается. Атаки уменьшенным оружием причиняют на 1к4 меньше урона (урон не может быть меньше 1).<br>";"изобретатель"
96e1a950-9c06-4025-9a25-21ac6defff11;"2";"Увлекательная прогулка [Kinetic Jaunt]";"2 круг, преобразование";"1 бонусное действие";"На себя";"С";"Концентрация, вплоть до 1 минуты";"Вы магическим образом усиливаете свои движение танцевальными шагами, даруя себе следующие преимущества:<br>

Ваша скорость ходьбы увеличивается на 10 футов.<br>
Вы не провоцируете атаки.<br>
Вы можете перемещаться сквозь других существ, как если бы они были труднопроходимой местностью. Если вы оканчивает свой ход в пространстве другого существа, то вас выталкивает в последнее занимаемое вами незанятое пространство и вы получаете 1к8 урона силовым полем.<br>
";"изобретатель"
92825500-683a-4a49-a0bb-f5e9ca899ecb;"0";"Указание  [Guidance]";"Трюк, прорицание";"1 действие";"Касание";"В, С";"Концентрация, вплоть до 1 минуты";"Вы касаетесь одного согласного существа. Один раз, пока заклинание активно, цель может бросить 1к4 и добавить выпавшее число к одной проверке характеристики на свой выбор. Эту кость можно бросить до или после совершения проверки. После этого заклинание оканчивается.<br>";"изобретатель"
3466c366-9414-4359-ae9c-bbbaa82495a7;"2";"Улучшение характеристики [Enhance ability]";"2 круг, преобразование";"1 действие";"Касание";"В, С, М";"Концентрация, вплоть до 1 часа";"(мех или перо зверя)Вы касаетесь существа и улучшаете его при помощи магии. Выберите один из следующих эффектов";"изобретатель"
b5f968e7-7adf-4463-add2-048767617624;"5";"Усиление навыка [Skill empowerment]";"5 круг, преобразование";"1 действие";"Касание";"В, С";"Концентрация, вплоть до 1 часа";"Ваша магия углубляет понимание существом собственного таланта. Вы касаетесь одного согласного существа и наделяете его специальными познаниями в одном навыке по вашему выбору";"изобретатель"
3724b3d2-179a-4e34-8f38-a00476297cd2;"3";"Ускорение [Haste]";"3 круг, преобразование";"1 действие";"30 футов";"В, С, М";"Концентрация, вплоть до 1 минуты";"(стружка корня лакрицы)Выберите согласное существо, видимое в пределах дистанции. Пока заклинание активно, скорость цели удваивается, она получает бонус +2 к КД, она совершает с преимуществом спасброски Ловкости, и в каждом ходу может совершать дополнительное действие. Этим действием может быть только Атака (одна атака оружием), Засада, Использование предмета, Отход или Рывок.<br>
Когда заклинание оканчивается, цель не может перемещаться и совершать действия, пока не пропустит свой следующий ход, так как становится заторможенной.<br>";"изобретатель"
8dbf227d-bf33-404f-897b-df2b444db016;"0";"Уход за умирающим [Spare the dying]";"Трюк, некромантия";"1 действие";"Касание";"В, С";"Мгновенная";"Вы касаетесь живого существа, у которого 0 хитов. Оно становится стабилизированным. Это заклинание не оказывает никакого эффекта на нежить и конструктов.<br>";"изобретатель"
21cc51f8-af15-4be3-966f-d0bb4f77505e;"0";"Фокусы [Prestidigitation]";"Трюк, преобразование";"1 действие";"10 футов";"В, С";"Вплоть до 1 часа";"Это заклинание — небольшой магический трюк, на котором практикуются начинающие заклинатели. Вы создаете один из следующих магических эффектов в пределах дистанции:<br>

Вы создаете мгновенный безвредный сенсорный эффект, такой как сноп искр, порыв ветра, тихую мелодию, или необычный запах.<br>
Вы мгновенно зажигаете или тушите свечу, факел или небольшой костер.<br>
Вы мгновенно чистите или мараете предмет, размерами не превышающий 1 кубического фута.<br>
Вы остужаете, нагреваете или придаете вкус 1 кубическому футу неживой материи на 1 час.<br>
Вы создаете на поверхности или предмете цвет, метку или символ, существующую 1 час.<br>
Вы создаете немагическую безделушку или иллюзорный предмет, помещающийся в вашу ладонь, и существующий до конца вашего следующего хода.<br>

Если вы накладываете это заклинание несколько раз, вы можете иметь не более трех немгновенных эффектов одновременно, и можете действием окончить один любой из этих эффектов.<br>";"изобретатель"
3f224af1-5dab-4a0b-8edb-6355796dcc3f;"3";"Хождение по воде [Water walk]";"3 круг, преобразование (ритуал)";"1 действие";"30 футов";"В, С, М";"1 час";"(кусочек пробки)Это заклинание дарует способность перемещаться по жидкой поверхности — такой как вода, кислота, грязь, снег, зыбучий песок или лава — как если бы это была безвредная твёрдая поверхность (существа, идущие по жидкой лаве, всё равно получают урон от жара). До десяти согласных существ, видимых вами в пределах дистанции, получают эту же способность на время действия заклинания.<br>
Если вы делаете целью существо, погружённое в жидкость, заклинание поднимает его на поверхность со скоростью 60 футов в раунд.<br>";"изобретатель"
562fd5a2-ba0e-4da7-97e9-9887b594a279;"0";"Электрошок [Shocking grasp]";"Трюк, воплощение";"1 действие";"Касание";"В, С";"Мгновенная";"Молния спрыгивает с вашей руки и ударяет существо, которого вы пытались коснуться. Совершите по цели рукопашную атаку заклинанием. Вы совершаете бросок атаки с преимуществом, если цель носит доспех из металла. При попадании цель получает урон электричеством 1к8, и до начала своего следующего хода не может совершать реакции.<br>
Урон заклинания увеличивается на 1к8, когда вы достигаете 5 уровня (2к8), 11 уровня (3к8) и 17 уровня (4к8).<br>";"изобретатель"
87dee707-b02a-4499-a5bd-a230a5c755be;"0";"Ядовитые брызги [Poison spray]";"Трюк, вызов";"1 действие";"10 футов";"В, С";"Мгновенная";"Вы простираете руку к существу, видимому в пределах дистанции, и выпускаете из ладони клубы токсичного газа. Это существо должно преуспеть в спасброске Телосложения, иначе оно получит урон ядом 1к12.<br>
Урон этого заклинания увеличивается на 1к12, когда вы достигаете 5 уровня (2к12), 11 уровня (3к12) и 17 уровня (4к12).<br>";"изобретатель"
